CODE_DEFINED,Arrest
BURGLARY,22.208436724565754
LARCENY,14.025500910746814
MV THEFT,10.065237651444548
ROBBERY,25.0
